{"persons":[{"id":2,"name":"Angelina Jolie","age":40,"gender":"f","email":"i-dont-tell-anyone@somewhere.com"},{"id":34,"name":"csw","age":"22","gender":"m","email":"ds@x.c"},{"id":35,"name":"test","age":"20","gender":"f","email":"test@test.com"},{"id":36,"name":"test","age":"20","gender":"f","email":"test@test.com"},{"id":37,"name":"test","age":"20","gender":"f","email":"test@test.com"},{"id":38,"name":"test","age":"20","gender":"f","email":"test@test.com"},{"id":39,"name":"test","age":"20","gender":"f","email":"test@test.com"},{"id":40,"name":"test","age":"20","gender":"f","email":"test@test.com"},{"id":41,"name":"test","age":"20","gender":"f","email":"test@test.com"},{"id":42,"name":"test","age":"20","gender":"f","email":"test@test.com"},{"id":43,"name":"test","age":"20","gender":"f","email":"test@test.com"},{"id":44,"name":"test","age":"20","gender":"f","email":"test@test.com"},{"id":45,"name":"test","age":"20","gender":"f","email":"test@test.com"},{"id":46,"name":"test","age":"20","gender":"f","email":"test@test.com"},{"id":47,"name":"test","age":"20","gender":"f","email":"test@test.com"},{"id":48,"name":"test","age":"20","gender":"f","email":"test@test.com"},{"id":49,"name":"test","age":"20","gender":"f","email":"test@test.com"},{"id":50,"name":"test","age":"20","gender":"f","email":"test@test.com"},{"id":51,"name":"test","age":"20","gender":"f","email":"test@test.com"},{"id":52,"name":"test","age":"20","gender":"f","email":"test@test.com"},{"id":53,"name":"test","age":"20","gender":"f","email":"test@test.com"},{"id":54,"name":"test","age":"20","gender":"f","email":"test@test.com"},{"id":55,"name":"test","age":"20","gender":"f","email":"test@test.com"},{"id":56,"name":"test","age":"20","gender":"f","email":"test@test.com"},{"id":57,"name":"test","age":"20","gender":"f","email":"test@test.com"},{"id":58,"name":"1212","age":"1212","gender":"1212","email":"1212"},{"id":59,"name":"123","age":"123","gender":"123","email":"123"},{"id":60,"name":"555","age":"55","gender":"555","email":"555"}],"idSeq":61}