{"persons":[{"id":1,"name":"James Bond","age":30,"gender":"m","email":"james.bond@secretagent.com"},{"id":2,"name":"Angelina Jolie","age":40,"gender":"f","email":"i-dont-tell-anyone@somewhere.com"},{"id":28,"name":"yc","age":"12","gender":"m","email":"2323@s.x"},{"id":31,"name":"xzz","age":"22","gender":"m","email":"xs@c.x"},{"id":34,"name":"csw","age":"22","gender":"m","email":"ds@x.c"},{"id":35,"name":"test","age":"20","gender":"f","email":"test@test.com"},{"id":36,"name":"test","age":"20","gender":"f","email":"test@test.com"},{"id":37,"name":"test","age":"20","gender":"f","email":"test@test.com"},{"id":38,"name":"test","age":"20","gender":"f","email":"test@test.com"},{"id":39,"name":"test","age":"20","gender":"f","email":"test@test.com"},{"id":40,"name":"test","age":"20","gender":"f","email":"test@test.com"},{"id":41,"name":"test","age":"20","gender":"f","email":"test@test.com"},{"id":42,"name":"test","age":"20","gender":"f","email":"test@test.com"},{"id":43,"name":"test","age":"20","gender":"f","email":"test@test.com"},{"id":44,"name":"test","age":"20","gender":"f","email":"test@test.com"},{"id":45,"name":"test","age":"20","gender":"f","email":"test@test.com"},{"id":46,"name":"test","age":"20","gender":"f","email":"test@test.com"},{"id":47,"name":"test","age":"20","gender":"f","email":"test@test.com"},{"id":48,"name":"test","age":"20","gender":"f","email":"test@test.com"},{"id":49,"name":"test","age":"20","gender":"f","email":"test@test.com"},{"id":50,"name":"test","age":"20","gender":"f","email":"test@test.com"},{"id":51,"name":"test","age":"20","gender":"f","email":"test@test.com"}],"idSeq":52}